{
  "IsolationForest": {
    "det_rate": 0.9724137931034482,
    "fpr": 0.05013853258081067,
    "f1": 0.5061570686759074,
    "auc": 0.9884550285144753
  },
  "Autoencoder": {
    "det_rate": 0.9386973180076629,
    "fpr": 0.051493073370959465,
    "f1": 0.4862361466143915,
    "auc": 0.985336502263662
  },
  "OneClassSVM": {
    "det_rate": 0.9601532567049809,
    "fpr": 0.05639815289892251,
    "f1": 0.47319366929224527,
    "auc": 0.985861066388304
  }
}