{
  "IsolationForest": {
    "det_rate": 0.9639846743295019,
    "fpr": 0.049543355566957416,
    "f1": 0.5057259967017003,
    "auc": 0.9838160447739188
  },
  "Autoencoder": {
    "det_rate": 0.9272030651340997,
    "fpr": 0.05167778347870703,
    "f1": 0.48089606289436987,
    "auc": 0.9841396216548814
  },
  "OneClassSVM": {
    "det_rate": 0.9478927203065133,
    "fpr": 0.05481785531041561,
    "f1": 0.47523165016118724,
    "auc": 0.9831004798609762
  }
}