{
  "anomaly_detection": {
    "acc": 0.7736109015681756,
    "f1": 0.8692427118569681,
    "auc": 0.5641628674220109,
    "fold_acc": [
      0.7148268311499039,
      0.8312072064583831,
      0.7507270478427622,
      0.8521134681372987,
      0.7191799542525298
    ],
    "fold_f1": [
      0.8291003477571957,
      0.9075654349871923,
      0.8535023987861299,
      0.9200312983757571,
      0.8360140793785653
    ],
    "fold_auc": [
      0.6592888838216266,
      0.4737326233757138,
      0.6074557208618019,
      0.7257602870804272,
      0.3545768219704853
    ]
  },
  "fault_detail": {
    "acc": 0.3502876393260478,
    "f1": 0.24784374882184673,
    "fold_acc": [
      0.34100426878061085,
      0.4379355206088404,
      0.1661878177338365,
      0.36716614794384667,
      0.43914444156310467
    ],
    "fold_f1": [
      0.21485855202688395,
      0.31911268088017214,
      0.10560753122932141,
      0.2689293999918703,
      0.3307105799809859
    ]
  }
}