{
  "실험A": {
    "XGBoost": {
      "mean_acc": 0.4791831811225905,
      "mean_f1": 0.4109467355365206,
      "mean_gap": 0.1934676485419912,
      "fold_acc": [
        0.4743906201789571,
        0.3968053139332595,
        0.2661968629233917,
        0.6187450357426529,
        0.5700522983759978,
        0.5531743905705867,
        0.48023715415019763,
        0.45643729189789123,
        0.46337308347529815,
        0.5124197599776723
      ],
      "fold_f1": [
        0.46011583452181143,
        0.34787313575169015,
        0.24165049348693202,
        0.5131195929465092,
        0.4355247241939266,
        0.4974178010543132,
        0.4210087176562156,
        0.36402872210157394,
        0.4064721971581615,
        0.4222561364940719
      ]
    },
    "LightGBM": {
      "mean_acc": 0.46807164428058734,
      "mean_f1": 0.4057565753905276,
      "mean_gap": 0.2727896484196907,
      "fold_acc": [
        0.47817031780314717,
        0.37766882808793295,
        0.26346897022050464,
        0.6068308181096108,
        0.5728048444811451,
        0.5523707473881596,
        0.52343308865048,
        0.42730299667036625,
        0.4234606960330981,
        0.455205135361429
      ],
      "fold_f1": [
        0.45439394704685976,
        0.3374563982152641,
        0.23725777686983765,
        0.5126452316819272,
        0.4434101726663211,
        0.5012235239315986,
        0.44935314415367233,
        0.36350224492724914,
        0.33881381843240793,
        0.41950949598013887
      ]
    },
    "RandomForest": {
      "mean_acc": 0.4871893922342657,
      "mean_f1": 0.387866243344659,
      "mean_gap": 0.14731711338332726,
      "fold_acc": [
        0.5090249922863314,
        0.35995571722283726,
        0.2998408729256649,
        0.5657929573735769,
        0.5612441508395266,
        0.5713903027055988,
        0.4570863918690006,
        0.5521642619311876,
        0.464833292771964,
        0.530560982416969
      ],
      "fold_f1": [
        0.4438854311729634,
        0.30676180618254945,
        0.23745265120783549,
        0.4145578370975449,
        0.3830344988951507,
        0.46420981137779604,
        0.39295268403185474,
        0.44547980681218224,
        0.37914552761233933,
        0.411182379056374
      ]
    }
  },
  "실험B": {
    "XGB+Env": {
      "mean_acc": 0.46308649084193554,
      "mean_f1": 0.3675873125694667,
      "mean_gap": 0.3458533253366882,
      "fold_acc": [
        0.406278926257328,
        0.3475789952261878,
        0.5165919282511211,
        0.6127583108715184,
        0.35073409461663946,
        0.5585106382978723,
        0.4491525423728814
      ],
      "fold_f1": [
        0.17397819782560725,
        0.20858528519982972,
        0.4356949907509087,
        0.47229918421670725,
        0.40839200980290913,
        0.41009070294784583,
        0.464070817242459
      ]
    },
    "XGB VibOnly": {
      "mean_acc": 0.47748102111256807,
      "mean_f1": 0.41078576938578204,
      "mean_gap": 0.13587005778995795,
      "fold_acc": [
        0.398488120950324,
        0.29643100704705616,
        0.5049327354260089,
        0.7196765498652291,
        0.4159869494290375,
        0.6170212765957447,
        0.3898305084745763
      ],
      "fold_f1": [
        0.23656161747144258,
        0.23722376534950576,
        0.4138513107427102,
        0.6438823572186411,
        0.39563765334537515,
        0.5373181816645258,
        0.4110254999082737
      ]
    }
  },
  "env_improvement": -0.014394530270632533
}