{
  "실험A": {
    "XGBoost": {
      "mean_acc": 0.943228418619263,
      "mean_f1": 0.46217893161158374,
      "mean_gap": 0.05634091873509771,
      "fold_acc": [
        0.9814871953100894,
        0.9905108334651274,
        0.754262332348261,
        0.990998146677257,
        1.0,
        0.9630324136083579,
        0.9257481648785997,
        0.9483906770255272,
        0.9917254806522268,
        0.886128942227184
      ],
      "fold_f1": [
        0.31025121444607684,
        0.43253939910213424,
        0.21500777604976673,
        0.5566363174347468,
        1.0,
        0.4451270555883919,
        0.37196742520576714,
        0.5899408223293525,
        0.32615817666607044,
        0.3741611292935304
      ]
    },
    "LightGBM": {
      "mean_acc": 0.9375900284785462,
      "mean_f1": 0.4865796816049669,
      "mean_gap": 0.062402881993834834,
      "fold_acc": [
        0.9810243751928417,
        0.9916179028941958,
        0.7344851102523301,
        0.9904686258935663,
        1.0,
        0.9616930083043129,
        0.9285714285714286,
        0.9492230854605993,
        0.9914821124361158,
        0.8473346357800726
      ],
      "fold_f1": [
        0.3165532405155987,
        0.5740131623931624,
        0.21175776641761698,
        0.5564129284329162,
        1.0,
        0.42466392098612626,
        0.5183376261701145,
        0.5464912618747128,
        0.35882262592933906,
        0.3587442833300821
      ]
    },
    "RandomForest": {
      "mean_acc": 0.9642821661368728,
      "mean_f1": 0.31602292784975683,
      "mean_gap": 0.024167913372059258,
      "fold_acc": [
        0.9931348349274915,
        0.9925668195476831,
        0.9097522164128211,
        0.9854381784485041,
        0.9991742361684558,
        0.9673185105813019,
        0.9203839638622248,
        0.9298002219755827,
        0.9926989535166707,
        0.9525537259279933
      ],
      "fold_f1": [
        0.4368661882735866,
        0.4169972116516393,
        0.2382142857142857,
        0.2673146661910707,
        0.33324153125860645,
        0.28842176405445896,
        0.24253029012716049,
        0.26138428262436914,
        0.4305995603945061,
        0.2446594982078853
      ]
    }
  },
  "실험B": {
    "XGB+Env": {
      "mean_acc": 0.8588726237315857,
      "mean_f1": 0.42852049912732904,
      "mean_gap": 0.1392830798942845,
      "fold_acc": [
        0.9197007096575132,
        0.6826551488974767,
        0.9372197309417041,
        0.7717879604672058,
        0.9510603588907015,
        0.800531914893617,
        0.9491525423728814
      ],
      "fold_f1": [
        0.26602143528356037,
        0.20287798946088367,
        0.7021194524321357,
        0.475893962315665,
        0.6360949543670497,
        0.46993966478971794,
        0.24669603524229075
      ]
    },
    "XGB VibOnly": {
      "mean_acc": 0.8525979502146214,
      "mean_f1": 0.41571117993536477,
      "mean_gap": 0.14672079092963264,
      "fold_acc": [
        0.8616939216291268,
        0.7006137758581495,
        0.8654708520179372,
        0.7960467205750225,
        0.9559543230016313,
        0.8138297872340425,
        0.9745762711864406
      ],
      "fold_f1": [
        0.24984676251458543,
        0.20601604278074867,
        0.5676865183300366,
        0.5066019070941871,
        0.650237718405748,
        0.48067156150449897,
        0.24891774891774893
      ]
    }
  },
  "env_improvement": 0.006274673516964313
}