{
  "lstm": {
    "r2": 0.3033157863733855
  },
  "autoencoder_v2": {
    "threshold": 17.810686111450195
  },
  "elapsed_hours": 0.5,
  "finished_at": "2026-03-23 12:39:55"
}