{
  "IsolationForest": {
    "det_rate": 0.3868087673436557,
    "fpr": 0.05201450443190976,
    "f1": 0.5475623234037739,
    "auc": 0.7874968868959262
  },
  "Autoencoder": {
    "det_rate": 0.5544138347074201,
    "fpr": 0.05205479452054794,
    "f1": 0.7015760270443456,
    "auc": 0.8524241115561502
  },
  "OneClassSVM": {
    "det_rate": 0.5178966418660769,
    "fpr": 0.05640612409347301,
    "f1": 0.6699302190572465,
    "auc": 0.7822257231758993
  }
}