{
  "CNN-1D": {
    "mean_acc": 0.8611195235210983,
    "mean_f1": 0.860144147980306,
    "mean_gap": 0.030831061982636788
  },
  "XGB+FFT": {
    "mean_acc": 0.8151070058550374,
    "mean_f1": 0.8145163383977966,
    "mean_gap": 0.03585453260650111
  },
  "RF+FFT": {
    "mean_acc": 0.7615384615384615,
    "mean_f1": 0.7603068470529972,
    "mean_gap": 0.03440591560670301
  }
}