{
  "실험A": {
    "XGBoost": {
      "mean_mae": 0.20696502327919006,
      "mean_rmse": 0.24902858902055142,
      "mean_r2": 0.22451781034469603,
      "mean_tol_acc": 0.2748719151459538,
      "mean_gap": 0.06318983286619187,
      "fold_mae": [
        0.17888306081295013,
        0.2417784184217453,
        0.30451416969299316,
        0.17153441905975342,
        0.1727427989244461,
        0.18728600442409515,
        0.23494599759578705,
        0.19471094012260437,
        0.20994234085083008,
        0.17331208288669586
      ],
      "fold_r2": [
        0.44767022132873535,
        0.00774073600769043,
        -0.6685000658035278,
        0.49181103706359863,
        0.4597274661064148,
        0.42669016122817993,
        -0.009207963943481445,
        0.3881242275238037,
        0.21794813871383667,
        0.4831741452217102
      ],
      "fold_tol_acc": [
        0.306618327676643,
        0.22030681638462754,
        0.20390997954080473,
        0.3232724384432089,
        0.316542802091935,
        0.2780605411197428,
        0.26143421795595706,
        0.244173140954495,
        0.2837673399853979,
        0.3106335473067262
      ]
    },
    "LightGBM": {
      "mean_mae": 0.20547181190749267,
      "mean_rmse": 0.248271220158992,
      "mean_r2": 0.22907207370411847,
      "mean_tol_acc": 0.2817183977830775,
      "mean_gap": 0.0678538194247186,
      "fold_mae": [
        0.18178330833729434,
        0.23939469375341166,
        0.30280678370840236,
        0.16133119476198543,
        0.17104359818510215,
        0.18211602929836407,
        0.23899328545264686,
        0.1889726743422974,
        0.20665086169032726,
        0.18162568954509506
      ],
      "fold_r2": [
        0.42626528305831834,
        0.02364151980886675,
        -0.6385027606806493,
        0.5358723254149176,
        0.44505661639701255,
        0.4493700195703081,
        -0.06247144235069091,
        0.42436165664044834,
        0.25346033807477353,
        0.4336671811078797
      ],
      "fold_tol_acc": [
        0.3075439679111385,
        0.2210975802625336,
        0.20618322345987725,
        0.3566322478157268,
        0.33993944398568676,
        0.2981516206804179,
        0.2676453980801807,
        0.2541620421753607,
        0.26356777804818693,
        0.3022606754116662
      ]
    }
  },
  "실험B": {
    "XGB+Env": {
      "mean_mae": 0.2023462195481573,
      "mean_rmse": 0.23671802687544433,
      "mean_r2": 0.28755782331739155,
      "mean_tol_acc": 0.2681950336397246,
      "mean_gap": 0.08277761723314013,
      "fold_mae": [
        0.23464426398277283,
        0.25528448820114136,
        0.16853009164333344,
        0.1727166324853897,
        0.21563534438610077,
        0.11214142292737961,
        0.2574712932109833
      ],
      "fold_r2": [
        0.13815993070602417,
        -0.1294710636138916,
        0.5592771172523499,
        0.5350936055183411,
        0.26766520738601685,
        0.7840179204940796,
        -0.1418379545211792
      ],
      "fold_tol_acc": [
        0.20402653502005555,
        0.2143669015685383,
        0.26188340807174887,
        0.25336927223719674,
        0.20228384991843393,
        0.4787234042553192,
        0.2627118644067797
      ]
    },
    "XGB VibOnly": {
      "mean_mae": 0.2147664385182517,
      "mean_rmse": 0.255486937107347,
      "mean_r2": 0.12996543305260794,
      "mean_tol_acc": 0.2923339672397133,
      "mean_gap": 0.06226915546825954,
      "fold_mae": [
        0.2146519273519516,
        0.3141019642353058,
        0.17573292553424835,
        0.1282738894224167,
        0.21483780443668365,
        0.13595885038375854,
        0.3198077082633972
      ],
      "fold_r2": [
        0.28353238105773926,
        -0.7588645219802856,
        0.4850184917449951,
        0.715790867805481,
        0.22823119163513184,
        0.6855930685997009,
        -0.7295434474945068
      ],
      "fold_tol_acc": [
        0.2004011107682814,
        0.19618095021595816,
        0.3147982062780269,
        0.4393530997304582,
        0.25938009787928223,
        0.39893617021276595,
        0.23728813559322035
      ]
    }
  },
  "env_improvement_mae": 0.012420218970094404
}