{
  "실험A": {
    "XGBoost": {
      "mean_acc": 0.46174622057282744,
      "mean_f1": 0.4040296407047796,
      "mean_gap": 0.3280964970288004,
      "fold_acc": [
        0.45950323974082075,
        0.3398703147240234,
        0.2648329165719482,
        0.6195393169181891,
        0.5744563721442334,
        0.4827216715778194,
        0.5177865612648221,
        0.45615982241953384,
        0.4353857386225359,
        0.4672062517443483
      ],
      "fold_f1": [
        0.4380976154842125,
        0.2943842457929081,
        0.23252769263250098,
        0.5365080926077952,
        0.4549420281062462,
        0.4688875118960756,
        0.4409332240239689,
        0.3824029720213754,
        0.3549710077416378,
        0.43664201674107556
      ]
    },
    "LightGBM": {
      "mean_acc": 0.47425989781546496,
      "mean_f1": 0.40891594013461674,
      "mean_gap": 0.2494924587979402,
      "fold_acc": [
        0.47770749768589943,
        0.3729242448204966,
        0.2636962946124119,
        0.6073603388933015,
        0.5741811175337187,
        0.5689793731583177,
        0.5200451722190853,
        0.4675360710321865,
        0.4363592114869798,
        0.4538096567122523
      ],
      "fold_f1": [
        0.4536265479794547,
        0.33239478827311675,
        0.2354053611252797,
        0.5079615551933335,
        0.4443844620440027,
        0.4963711942754647,
        0.4532852101254961,
        0.3759673829208776,
        0.3837360836580836,
        0.40602681575105837
      ]
    },
    "RandomForest": {
      "mean_acc": 0.47231209116011436,
      "mean_f1": 0.401890712404349,
      "mean_gap": 0.34123524808266914,
      "fold_acc": [
        0.4410675717371182,
        0.35046655068796456,
        0.2900659240736531,
        0.6213926396611067,
        0.5717038260390862,
        0.5821055451379588,
        0.5135516657255788,
        0.4855715871254162,
        0.4616695059625213,
        0.4055260954507396
      ],
      "fold_f1": [
        0.4359578687484512,
        0.2871408830745523,
        0.2522534398005643,
        0.530083529270669,
        0.4322861818520193,
        0.48362766189029244,
        0.4356940492354464,
        0.4154111537110331,
        0.375877837494673,
        0.3705745189657877
      ]
    }
  },
  "실험B": {
    "XGB+Env": {
      "mean_acc": 0.45433398888391097,
      "mean_f1": 0.36070045270509166,
      "mean_gap": 0.39622852436384554,
      "fold_acc": [
        0.39972230792965135,
        0.3634917026596954,
        0.5291479820627802,
        0.4618149146451033,
        0.3703099510603589,
        0.5558510638297872,
        0.5
      ],
      "fold_f1": [
        0.14366509564735236,
        0.2116465287426646,
        0.4528465798473691,
        0.374032487971189,
        0.3834805737627054,
        0.45652627525873374,
        0.5027056277056277
      ]
    },
    "XGB VibOnly": {
      "mean_acc": 0.4822938679715677,
      "mean_f1": 0.4135014369323961,
      "mean_gap": 0.2798230493602151,
      "fold_acc": [
        0.39069731564331994,
        0.28870197772220957,
        0.5139013452914798,
        0.7960467205750225,
        0.4290375203915171,
        0.6356382978723404,
        0.3220338983050847
      ],
      "fold_f1": [
        0.268672554099885,
        0.24065284039054746,
        0.4466430186077433,
        0.6711970446193047,
        0.4128945022914059,
        0.5363084334568952,
        0.318141665060991
      ]
    }
  },
  "env_improvement": -0.027959879087656736
}