{
  "실험A": {
    "XGBoost": {
      "mean_acc": 0.9958757711515605,
      "mean_f1": 0.9947267332149021,
      "mean_gap": 0.0003953599510583716,
      "fold_acc": [
        0.9963745757482259,
        0.9960461806104697,
        0.9952261877699478,
        0.995763833730474,
        0.996972199284338,
        0.995178140905438,
        0.9949181253529079,
        0.9961154273029966,
        0.9963494767583354,
        0.99581356405247
      ],
      "fold_f1": [
        0.9955479102709903,
        0.9949734021378149,
        0.9935495889944125,
        0.9946908754599552,
        0.9965960112290527,
        0.9937047634022332,
        0.9936129934345992,
        0.9950191477295668,
        0.9951023879983895,
        0.9944702514920059
      ]
    },
    "LightGBM": {
      "mean_acc": 0.9967801785686241,
      "mean_f1": 0.9961337776892816,
      "mean_gap": 6.764694665044591e-05,
      "fold_acc": [
        0.9952175254551064,
        0.9952554167325637,
        0.997272107297113,
        0.9984114376489277,
        0.9977979631158822,
        0.99732118939191,
        0.9966120835686053,
        0.9966703662597114,
        0.9965928449744463,
        0.9966508512419759
      ],
      "fold_f1": [
        0.9942803335359259,
        0.9942917300475491,
        0.9968300048728476,
        0.9981559699510599,
        0.9976804577934758,
        0.9964414934885377,
        0.9957467353219743,
        0.9961369522179162,
        0.9959782321328922,
        0.9957958675306361
      ]
    },
    "RandomForest": {
      "mean_acc": 0.9998917731430362,
      "mean_f1": 0.9998776482590049,
      "mean_gap": 4.731147938208391e-05,
      "fold_acc": [
        0.999922863313792,
        0.9998418472244188,
        1.0,
        1.0,
        1.0,
        1.0,
        0.9991530208921513,
        1.0,
        1.0,
        1.0
      ],
      "fold_f1": [
        0.9999196461853694,
        0.9998846874224095,
        1.0,
        1.0,
        1.0,
        1.0,
        0.9989721489822705,
        1.0,
        1.0,
        1.0
      ]
    }
  },
  "실험B": {
    "XGB+Env": {
      "mean_acc": 0.991532501404337,
      "mean_f1": 0.9901848589914923,
      "mean_gap": 0.008363538915939994,
      "fold_acc": [
        0.9946004319654428,
        0.9949988633780404,
        0.9973094170403587,
        0.9964061096136568,
        0.9934747145187602,
        0.9893617021276596,
        0.9745762711864406
      ],
      "fold_f1": [
        0.993827314051154,
        0.994167896537146,
        0.997757841897676,
        0.9968156245125057,
        0.990995259001362,
        0.9884199134199134,
        0.9693101635206899
      ]
    },
    "XGB VibOnly": {
      "mean_acc": 0.9920558496213977,
      "mean_f1": 0.9901283109910225,
      "mean_gap": 0.004515125370630146,
      "fold_acc": [
        0.9957574822585622,
        0.9959081609456695,
        0.9964125560538116,
        0.9946091644204852,
        0.9951060358890701,
        0.9920212765957447,
        0.9745762711864406
      ],
      "fold_f1": [
        0.9940184483309342,
        0.9945831220215207,
        0.9950747338561816,
        0.9934752893161298,
        0.9940650162536567,
        0.9903714036380447,
        0.9693101635206899
      ]
    }
  },
  "env_improvement": -0.0005233482170606818
}