{
  "IsolationForest": {
    "det_rate": 0.8020989505247377,
    "fpr": 0.05013853258081067,
    "f1": 0.6329990739027086,
    "auc": 0.9704336133626363
  },
  "Autoencoder": {
    "det_rate": 0.879160419790105,
    "fpr": 0.052601334017444844,
    "f1": 0.6641438405804145,
    "auc": 0.9773142571864402
  },
  "OneClassSVM": {
    "det_rate": 0.8119940029985008,
    "fpr": 0.05639815289892251,
    "f1": 0.6164633187412786,
    "auc": 0.9411654767793118
  }
}