{
  "실험A": {
    "XGBoost": {
      "mean_acc": 0.3973280670239469,
      "mean_f1": 0.2862217311888195,
      "mean_gap": 0.2768031584314858,
      "fold_acc": [
        0.4541036717062635,
        0.4157836470030049,
        0.34303250738804275,
        0.45194598888006354,
        0.3883842554362786,
        0.28984730779533885,
        0.38763410502540935,
        0.3565482796892342,
        0.3906059868581163,
        0.495394920457717
      ],
      "fold_f1": [
        0.37060740481022636,
        0.21758421611034132,
        0.23095443027513457,
        0.34540540427884836,
        0.2052905842931721,
        0.2654447576481346,
        0.26535477697940996,
        0.29054620504550516,
        0.32509302775017496,
        0.3459365046972479
      ]
    },
    "LightGBM": {
      "mean_acc": 0.4218164955351626,
      "mean_f1": 0.29434307941956983,
      "mean_gap": 0.19007712214237207,
      "fold_acc": [
        0.470688059240975,
        0.4213189941483473,
        0.3289383950897931,
        0.49007148530579825,
        0.40545004128819156,
        0.30431288507902493,
        0.43788819875776397,
        0.3620976692563818,
        0.47018739352640543,
        0.527211833658945
      ],
      "fold_f1": [
        0.33133831740290404,
        0.232088919300243,
        0.23364785171473557,
        0.35214019225659154,
        0.19036524070406619,
        0.25708268098595527,
        0.2850737407912307,
        0.2779683402988172,
        0.3751980185723584,
        0.4085274921687964
      ]
    },
    "RandomForest": {
      "mean_acc": 0.4068885367951488,
      "mean_f1": 0.27387160117941145,
      "mean_gap": 0.2592344322813288,
      "fold_acc": [
        0.4733878432582536,
        0.4129368970425431,
        0.31393498522391455,
        0.46677257082340484,
        0.37572254335260113,
        0.34878114117331904,
        0.45087521174477696,
        0.3559933407325194,
        0.39936724263811146,
        0.471113591962043
      ],
      "fold_f1": [
        0.3222658085576735,
        0.20744861713290408,
        0.20947950515333155,
        0.3334057467237385,
        0.17732132818115184,
        0.302745030949084,
        0.28368404002435504,
        0.27180646633602007,
        0.33127145496586585,
        0.29928801376999004
      ]
    }
  },
  "실험B": {
    "XGB+Env": {
      "mean_acc": 0.4357917627464018,
      "mean_f1": 0.3089137298327161,
      "mean_gap": 0.36707934265345843,
      "fold_acc": [
        0.39694538722616474,
        0.39986360536485566,
        0.4547085201793722,
        0.4393530997304582,
        0.43066884176182707,
        0.3696808510638298,
        0.559322033898305
      ],
      "fold_f1": [
        0.142076200993926,
        0.1434747145187602,
        0.3762573231660178,
        0.3794472392224899,
        0.36521662041319763,
        0.31714308418853876,
        0.43878092632608223
      ]
    },
    "XGB VibOnly": {
      "mean_acc": 0.4182593108867148,
      "mean_f1": 0.3316704002343433,
      "mean_gap": 0.26575979179464226,
      "fold_acc": [
        0.3654736192533169,
        0.3719027051602637,
        0.3650224215246637,
        0.5085354896675651,
        0.4110929853181077,
        0.5159574468085106,
        0.3898305084745763
      ],
      "fold_f1": [
        0.21393583088100826,
        0.2250912521259937,
        0.3735601126584399,
        0.37860703292336256,
        0.3696607794051884,
        0.48145035792094615,
        0.2793874357254639
      ]
    }
  },
  "env_improvement": 0.017532451859686993
}