{
  "IsolationForest": {
    "det_rate": 0.30585159863261613,
    "fpr": 0.05092667203867849,
    "f1": 0.4586832985689785,
    "auc": 0.648958169441333
  },
  "Autoencoder": {
    "det_rate": 0.3771566458877941,
    "fpr": 0.05273972602739726,
    "f1": 0.5371947691147182,
    "auc": 0.6961308045719244
  },
  "OneClassSVM": {
    "det_rate": 0.41116026543334006,
    "fpr": 0.05120870265914586,
    "f1": 0.5723541293372392,
    "auc": 0.7369990778568491
  }
}