{
  "실험A": {
    "XGBoost": {
      "mean_acc": 0.6040109135940471,
      "mean_f1": 0.4073224488835602,
      "mean_gap": 0.3650720997925185,
      "fold_acc": [
        0.6083770441221845,
        0.25620749644156254,
        0.7969993180268243,
        0.8993910510987556,
        0.7987888797137352,
        0.4701312617197964,
        0.5406549971767363,
        0.6431742508324084,
        0.4818690678997323,
        0.5445157689087357
      ],
      "fold_f1": [
        0.42223319977164786,
        0.22695132651565686,
        0.34524223421940436,
        0.5526598728301977,
        0.3151560102466781,
        0.46926093836851124,
        0.40357205888958403,
        0.653090259358588,
        0.3398322570805554,
        0.34522633155477817
      ]
    },
    "LightGBM": {
      "mean_acc": 0.6095940217525031,
      "mean_f1": 0.4250135669714221,
      "mean_gap": 0.37702270521324815,
      "fold_acc": [
        0.5943381672323357,
        0.2402340661078602,
        0.8024551034325983,
        0.9017738946253641,
        0.7767685108725572,
        0.5108491829627645,
        0.55957086391869,
        0.6548279689234184,
        0.504745680214164,
        0.5503767792352777
      ],
      "fold_f1": [
        0.40678244666700275,
        0.2302705845127109,
        0.33439377622418776,
        0.5752093469653137,
        0.34047581860260845,
        0.5206696366649881,
        0.4508021973796549,
        0.6712000553389044,
        0.3501893948101692,
        0.37014241254868063
      ]
    },
    "RandomForest": {
      "mean_acc": 0.5684480891039321,
      "mean_f1": 0.35867129555898963,
      "mean_gap": 0.316158934931015,
      "fold_acc": [
        0.4220919469299599,
        0.46781591016922347,
        0.7460786542396,
        0.8210219751125232,
        0.8769611890999174,
        0.24912938655237074,
        0.5457368718238284,
        0.4830743618201998,
        0.5741056218057922,
        0.4984649734859057
      ],
      "fold_f1": [
        0.3145317700922515,
        0.3335271900809528,
        0.3238262024344499,
        0.4231389073050482,
        0.3670923615637338,
        0.24995949716495192,
        0.41520948890113324,
        0.4710548326069695,
        0.37738429288677466,
        0.3109884125536312
      ]
    }
  },
  "실험B": {
    "XGB+Env": {
      "mean_acc": 0.6525043525883013,
      "mean_f1": 0.4054764538938557,
      "mean_gap": 0.3144079052457109,
      "fold_acc": [
        0.6528849120641778,
        0.7897249374857922,
        0.8573991031390135,
        0.6990116801437556,
        0.42088091353996737,
        0.7154255319148937,
        0.4322033898305085
      ],
      "fold_f1": [
        0.36258186566611406,
        0.3665632715966111,
        0.5755944693020896,
        0.21471634506860082,
        0.551583680201716,
        0.5432856444317596,
        0.22400990099009901
      ]
    },
    "XGB VibOnly": {
      "mean_acc": 0.6646035602720778,
      "mean_f1": 0.37777078057194846,
      "mean_gap": 0.30595351882012434,
      "fold_acc": [
        0.7170626349892009,
        0.7990452375539896,
        0.8197309417040358,
        0.701707097933513,
        0.44861337683523655,
        0.6914893617021277,
        0.4745762711864407
      ],
      "fold_f1": [
        0.4516046395565567,
        0.3747273785902244,
        0.4130335702033815,
        0.20617740232312565,
        0.47772973026522725,
        0.4753259161648158,
        0.24579682690030785
      ]
    }
  },
  "env_improvement": -0.01209920768377648
}