{
  "CNN-1D": {
    "mean_acc": 0.8604431657581264,
    "mean_f1": 0.8596648297783274,
    "mean_gap": 0.03736371895820716
  },
  "XGB+FFT": {
    "mean_acc": 0.7514183323238441,
    "mean_f1": 0.7502931515048473,
    "mean_gap": 0.0561944780940844
  },
  "RF+FFT": {
    "mean_acc": 0.7173985463355541,
    "mean_f1": 0.7158408275561259,
    "mean_gap": 0.013027458106198254
  }
}