{
  "IsolationForest": {
    "det_rate": 0.47705610295596224,
    "fpr": 0.05161160354552781,
    "f1": 0.6348769612723888,
    "auc": 0.7464208701200827
  },
  "Autoencoder": {
    "det_rate": 0.5507339634023729,
    "fpr": 0.051933924254633355,
    "f1": 0.698368668499918,
    "auc": 0.7750189621862976
  },
  "OneClassSVM": {
    "det_rate": 0.53209330384074,
    "fpr": 0.052618855761482675,
    "f1": 0.6828787834601694,
    "auc": 0.7890631002903187
  }
}