{
  "XGBoost": {
    "mean_r2": -0.10545200699442145,
    "std_r2": 0.34757328602725246,
    "mean_mae": 0.2514062740121984,
    "mean_rmse": 0.299589993919887,
    "mean_overfit_gap": 0.5663908511876246,
    "fold_r2": [
      0.36536768391719177,
      -0.36084539933649196,
      -0.1716076176587762,
      -0.1493423876151445,
      -0.7036363981584985,
      0.15758142599225988,
      0.2949878854197444,
      -0.004812797005094849,
      0.13344439560830001,
      -0.6156568611077045
    ],
    "fold_mae": [
      0.1995693874644145,
      0.28727153049761756,
      0.2515273844011947,
      0.24487133967604574,
      0.31747498005042535,
      0.218327100683652,
      0.20183800666063745,
      0.24582904244868845,
      0.23288889711922892,
      0.3144650711200796
    ],
    "fold_overfit": [
      0.05896460298812067,
      0.8665701058192044,
      0.609416864584421,
      0.6155290233307048,
      1.2227236005576267,
      0.2842696666012291,
      0.14762160929412238,
      0.45677845178820886,
      0.31302841960633165,
      1.0890061673062754
    ]
  },
  "LightGBM": {
    "mean_r2": -0.0627254179643695,
    "std_r2": 0.34450151832822284,
    "mean_mae": 0.24799468530040986,
    "mean_rmse": 0.29352914113193135,
    "mean_overfit_gap": 0.43268378296247834,
    "fold_r2": [
      0.350656514449906,
      -0.3055405928462229,
      -0.11976798605955419,
      -0.08701867333632052,
      -0.6685468251222992,
      0.17976370763222083,
      0.395953843075486,
      0.051917532855552895,
      0.1475310185386436,
      -0.5722027188311074
    ],
    "fold_mae": [
      0.2019577811697028,
      0.28247618933441393,
      0.2518277078658102,
      0.2383305762894074,
      0.31599568539046935,
      0.21957260102631487,
      0.18584074841007403,
      0.24058613546198443,
      0.23136840878297824,
      0.3119910192729429
    ],
    "fold_overfit": [
      -0.017316772043036832,
      0.7158436838815475,
      0.4661596671655045,
      0.4562813047507923,
      1.1123069112877961,
      0.1712111037543813,
      -0.052264767726459826,
      0.3092961989888514,
      0.20673513125697118,
      0.9585853683084361
    ]
  },
  "RandomForest": {
    "mean_r2": 0.008394687815806523,
    "std_r2": 0.30590842619099423,
    "mean_mae": 0.2415973754395814,
    "mean_rmse": 0.2838518432928778,
    "mean_overfit_gap": 0.3792761268321589,
    "fold_r2": [
      0.3637101166840969,
      -0.23675819451829416,
      0.009264506738624001,
      -0.06515542364531535,
      -0.46757002795916436,
      0.27685306889232675,
      0.4261278447066811,
      0.0710412164852472,
      0.1840054094248743,
      -0.47757163865101115
    ],
    "fold_mae": [
      0.20042133705440146,
      0.273953145173669,
      0.24249236823570508,
      0.24039097378797902,
      0.29923120329529856,
      0.20996427943974394,
      0.18122569644097286,
      0.2384745605561587,
      0.2274317617166833,
      0.3023884286952022
    ],
    "fold_overfit": [
      -0.016626208871616033,
      0.6693938547660992,
      0.3659928179461859,
      0.4408009284164839,
      0.9309091652930885,
      0.07419952409623809,
      -0.05668308599283711,
      0.30695273534629175,
      0.19005056365315198,
      0.8877709736685028
    ]
  },
  "LSTM": {
    "mean_r2": 0.06608309541668196,
    "std_r2": 0.18164781168138225,
    "mean_mae": 0.22795649936589307,
    "mean_rmse": 0.2738988799301515,
    "mean_overfit_gap": 0.25743044484254973,
    "fold_r2": [
      0.30370524363606266,
      0.09925900139337174,
      -0.12838704986408378,
      0.2105158264932876,
      -0.15467754457522842
    ],
    "fold_mae": [
      0.1927883223080799,
      0.22788614332707405,
      0.2533592180672781,
      0.20931939956316858,
      0.25642941356386467
    ],
    "fold_overfit": [
      0.13548876472408955,
      0.13347846518137263,
      0.3820158532801694,
      0.05229493490433035,
      0.5838742061227868
    ]
  },
  "best_model": "LSTM",
  "best_score": -0.0626321270045929
}