{
  "실험A": {
    "XGBoost": {
      "mean_acc": 0.9129919232146928,
      "mean_f1": 0.4628883216335625,
      "mean_gap": 0.08231416844929071,
      "fold_acc": [
        0.9691453255168158,
        0.9867151668511782,
        0.5981781376518218,
        0.9475383373688459,
        0.8916027452563585,
        0.938915857605178,
        0.9853450030531243,
        0.9521415644480193,
        0.9874848607186112,
        0.872852233676976
      ],
      "fold_f1": [
        0.3758653610772137,
        0.49749391578311886,
        0.33071641525856965,
        0.5672824769178443,
        0.5090152360578218,
        0.4519458262644398,
        0.6878487336945573,
        0.43084633645054154,
        0.43316751221195515,
        0.3447014026195629
      ]
    },
    "LightGBM": {
      "mean_acc": 0.9184340248274765,
      "mean_f1": 0.4566543070427258,
      "mean_gap": 0.07616643126175768,
      "fold_acc": [
        0.9693767355754397,
        0.988771152933734,
        0.6309716599190284,
        0.953591606133979,
        0.9027048849414614,
        0.9411407766990292,
        0.9806635456950946,
        0.953348079630002,
        0.9886960032297134,
        0.8750758035172832
      ],
      "fold_f1": [
        0.43639253620101587,
        0.4271601916186985,
        0.276617668742402,
        0.5456797758981081,
        0.5131831439113838,
        0.4409436812408483,
        0.6196306916881036,
        0.47616085646347966,
        0.4580255876287106,
        0.3727489370345075
      ]
    },
    "RandomForest": {
      "mean_acc": 0.8964874946081773,
      "mean_f1": 0.42093831389368247,
      "mean_gap": 0.05839797538376047,
      "fold_acc": [
        0.9011107682813946,
        0.97912383362328,
        0.5352226720647774,
        0.9576271186440678,
        0.8637464675010093,
        0.9324433656957929,
        0.9686545898636271,
        0.9332394932636235,
        0.9761808639483246,
        0.9175257731958762
      ],
      "fold_f1": [
        0.26226555048948125,
        0.3641271245848512,
        0.35643730123203854,
        0.5272008405423718,
        0.5398908337586531,
        0.4429386645998654,
        0.5094923570861376,
        0.44492671383056115,
        0.36004349316648593,
        0.4020602596463783
      ]
    }
  },
  "실험B": {
    "XGB+Env": {
      "mean_acc": 0.8561767419335277,
      "mean_f1": 0.5112552288788633,
      "mean_gap": 0.1238481207221821,
      "fold_acc": [
        0.851666152422092,
        0.6419640827460786,
        0.97847533632287,
        0.8957771787960467,
        0.9298531810766721,
        0.7632978723404256,
        0.9322033898305084
      ],
      "fold_f1": [
        0.24560706217052966,
        0.19551370811409582,
        0.7955430018680316,
        0.8180476706173571,
        0.47034327357777495,
        0.643761647709016,
        0.4099702380952381
      ]
    },
    "XGB VibOnly": {
      "mean_acc": 0.8548969565095142,
      "mean_f1": 0.4750166433199752,
      "mean_gap": 0.1406473242216246,
      "fold_acc": [
        0.8469608145634063,
        0.6571948170038645,
        0.9488789237668162,
        0.8643306379155435,
        0.9380097879282219,
        0.7712765957446809,
        0.9576271186440678
      ],
      "fold_f1": [
        0.24507380058475647,
        0.1983397365532382,
        0.7223749992319072,
        0.7101421413315511,
        0.513121923499282,
        0.6179392953682292,
        0.3181246066708622
      ]
    }
  },
  "env_improvement": 0.0012797854240134132
}