{
  "실험A": {
    "XGBoost": {
      "mean_acc": 0.9221375587603436,
      "mean_f1": 0.4942492111145477,
      "mean_gap": 0.05720190794789234,
      "fold_acc": [
        0.9305769824128356,
        0.9813379724814171,
        0.6897022050466015,
        0.9917924278527932,
        1.0,
        0.9142780605411197,
        0.9568040654997176,
        0.9778024417314095,
        0.9839376977366756,
        0.7951437343008652
      ],
      "fold_f1": [
        0.2706730064734399,
        0.428037424783481,
        0.20414479881577177,
        0.5927262666664733,
        1.0,
        0.3747083509618974,
        0.718864906721662,
        0.7227308457328786,
        0.3197082470245409,
        0.3108982639653328
      ]
    },
    "LightGBM": {
      "mean_acc": 0.9230363273918962,
      "mean_f1": 0.4642978565199001,
      "mean_gap": 0.062717519389791,
      "fold_acc": [
        0.9318883060783709,
        0.9821287363593231,
        0.6867469879518072,
        0.990998146677257,
        0.9997247453894853,
        0.9335654969193679,
        0.9497459062676454,
        0.9780799112097669,
        0.9815040155755659,
        0.7959810214903712
      ],
      "fold_f1": [
        0.26849598697298094,
        0.3672771560499922,
        0.20362631437045026,
        0.5821560693370996,
        0.6666207466593195,
        0.48627884231252627,
        0.6892685894888151,
        0.7417550593997165,
        0.31939855174353204,
        0.3181012488645682
      ]
    },
    "RandomForest": {
      "mean_acc": 0.9343052688353183,
      "mean_f1": 0.48801770653413906,
      "mean_gap": 0.0327405217748971,
      "fold_acc": [
        0.9419160752854058,
        0.9821287363593231,
        0.7185724028188225,
        0.9899391051098756,
        1.0,
        0.9255290650950978,
        0.9601919819311123,
        0.9827968923418424,
        0.9851545388172305,
        0.856823890594474
      ],
      "fold_f1": [
        0.27113988575871417,
        0.32968987416678125,
        0.20951317708688666,
        0.5235409232186025,
        1.0,
        0.4377593713330392,
        0.7032058851660441,
        0.7491587215268691,
        0.31986280942439604,
        0.3363064176600584
      ]
    }
  },
  "실험B": {
    "XGB+Env": {
      "mean_acc": 0.8565779266856662,
      "mean_f1": 0.5079063515783515,
      "mean_gap": 0.12181655243637982,
      "fold_acc": [
        0.8518204257945079,
        0.6517390315980904,
        0.9811659192825112,
        0.8912848158131177,
        0.9298531810766721,
        0.7579787234042553,
        0.9322033898305084
      ],
      "fold_f1": [
        0.2453467717021934,
        0.19731589814177564,
        0.8037105504819402,
        0.8122206734580708,
        0.47034327357777495,
        0.6164370555914673,
        0.4099702380952381
      ]
    },
    "XGB VibOnly": {
      "mean_acc": 0.8540345590233562,
      "mean_f1": 0.4484132348340921,
      "mean_gap": 0.1353902635427989,
      "fold_acc": [
        0.8472693613082382,
        0.65674016822005,
        0.967713004484305,
        0.8903863432165319,
        0.9249592169657422,
        0.7420212765957447,
        0.9491525423728814
      ],
      "fold_f1": [
        0.24589257255494046,
        0.19825693110074114,
        0.7407485938505539,
        0.7617421903938757,
        0.4096513200286785,
        0.47452581467091703,
        0.30807522123893805
      ]
    }
  },
  "env_improvement": 0.0025433676623100032
}