{
  "실험A": {
    "XGBoost": {
      "mean_acc": 0.4327772672068201,
      "mean_f1": 0.3268586108665863,
      "mean_gap": 0.41077580165501243,
      "fold_acc": [
        0.468759642085776,
        0.4012335916495334,
        0.18504205501250284,
        0.6012708498808578,
        0.5050922102945224,
        0.5030806321993035,
        0.49548277809147373,
        0.3190899001109878,
        0.34606960330980774,
        0.5026514094334357
      ],
      "fold_f1": [
        0.2913878193389104,
        0.23337515136696654,
        0.1261859263999454,
        0.548876740434218,
        0.3554415896203514,
        0.3760799268181491,
        0.36051819189709494,
        0.3152400857892793,
        0.26167842708540384,
        0.39980224991554386
      ]
    },
    "LightGBM": {
      "mean_acc": 0.4409225891302252,
      "mean_f1": 0.34398956369429234,
      "mean_gap": 0.3915913506967802,
      "fold_acc": [
        0.4652113545202098,
        0.4028151194053456,
        0.1936803819049784,
        0.5803547789250728,
        0.5097715386732727,
        0.5014733458344495,
        0.48955392433653305,
        0.40011098779134296,
        0.3806278899975663,
        0.4856265699134803
      ],
      "fold_f1": [
        0.2955262948174987,
        0.2229058078524948,
        0.1240682987843269,
        0.5282680966005869,
        0.3576053914870245,
        0.4206324075168083,
        0.35990840457158435,
        0.4148266030760205,
        0.31414935519654075,
        0.4020049770400378
      ]
    },
    "RandomForest": {
      "mean_acc": 0.41235736833366554,
      "mean_f1": 0.2989489220461114,
      "mean_gap": 0.3916708265774662,
      "fold_acc": [
        0.4796359148410984,
        0.4198956191681164,
        0.1914071379859059,
        0.5755890918718559,
        0.47619047619047616,
        0.4283418162335923,
        0.47600225861095424,
        0.36820199778024415,
        0.323436359211487,
        0.3848730114429249
      ],
      "fold_f1": [
        0.32753359353971717,
        0.2314037450524355,
        0.1302524083930106,
        0.5112143127844452,
        0.31479943073643046,
        0.30540129106281877,
        0.3236643039815579,
        0.2969003520878955,
        0.22595868254272164,
        0.3223611002800809
      ]
    }
  },
  "실험B": {
    "XGB+Env": {
      "mean_acc": 0.47270717242116683,
      "mean_f1": 0.37445096199194355,
      "mean_gap": 0.4388342032276688,
      "fold_acc": [
        0.3999537179882752,
        0.19095248920209137,
        0.5982062780269058,
        0.7484276729559748,
        0.33931484502446985,
        0.574468085106383,
        0.4576271186440678
      ],
      "fold_f1": [
        0.14284533583117529,
        0.12672596915603818,
        0.531359007331082,
        0.5774366120446588,
        0.37537016872251394,
        0.4591177052789404,
        0.4083019355791962
      ]
    },
    "XGB VibOnly": {
      "mean_acc": 0.41798600061077645,
      "mean_f1": 0.3385383004944255,
      "mean_gap": 0.40870221801144363,
      "fold_acc": [
        0.40496760259179265,
        0.19663559899977268,
        0.4098654708520179,
        0.7511230907457322,
        0.3523654159869494,
        0.6329787234042553,
        0.17796610169491525
      ],
      "fold_f1": [
        0.16627618118368426,
        0.1392398364824636,
        0.35590720681313803,
        0.6470916299256924,
        0.34707432413695827,
        0.49074755237002216,
        0.2234313725490196
      ]
    }
  },
  "env_improvement": 0.05472117181039038
}