{
  "auc": 0.6105290669418858,
  "acc": 0.3838768232316121,
  "f1": 0.4093466801439847,
  "precision": 0.9587538887474641,
  "recall": 0.2719196965495366,
  "fold_auc": [
    0.5198625791433349,
    0.5266694159698397,
    0.6428663599553548,
    0.5714777509765812,
    0.7117666913702252,
    0.6905316042359784
  ],
  "fold_acc": [
    0.32983553742627764,
    0.26108148295827416,
    0.4499424458486664,
    0.27406296196957314,
    0.4812572057708487,
    0.5070813054160326
  ],
  "xgb_auc_comparison": 0.5642
}