{
  "anomaly_detection": {
    "acc": 0.7766105192346829,
    "f1": 0.8699507433388904,
    "auc": NaN,
    "fold_acc": [
      0.652307925651052,
      0.6821823652124769,
      0.8375095102086634,
      0.8517272569297468,
      0.8593255381714757
    ],
    "fold_f1": [
      0.7895718655395614,
      0.8073059901459712,
      0.9093940711118839,
      0.9191406559430901,
      0.9243411339539452
    ],
    "fold_auc": [
      0.5121911070798111,
      0.5310401902469302,
      0.7231511575791658,
      0.6229701126440528,
      NaN
    ]
  },
  "fault_detail": {
    "acc": 0.3179742725121154,
    "f1": 0.2148219428760029,
    "fold_acc": [
      0.21394642147129686,
      0.1480660159804545,
      0.41746036299057543,
      0.3702739474857588,
      0.4401246146324916
    ],
    "fold_f1": [
      0.13221200875616004,
      0.09965948641173743,
      0.2750860395911635,
      0.24396613954709948,
      0.32318604007385404
    ]
  }
}